LOCATION,Country,Value,GDPPerCapita
AUS,Australia,3.1,28449.71295
AUT,Austria,2.3,1444.003514
BEL,Belgium,2.4,523.0530121
CAN,Canada,3.8,1648.762676
CZE,Czechia,2.3,1809.709377
DNK,Denmark,4.5,4124.05539
FIN,Finland,2.2,39931.23626
FRA,France,3.1,6117.871507
DEU,Germany,1.4,41054.53957
GRC,Greece,21.7,12790.26414
HUN,Hungary,3.8,3679.952347
ISL,Iceland,1,13300.82461
IRL,Ireland,2.6,16449.05915
ITA,Italy,8.6,49918.79393
JPN,Japan,2.7,45307.58786
KOR,Korea,2.9,3880.685228
LUX,Luxembourg,2.2,242.5395273
MEX,Mexico,4,42012.62272
NLD,Netherlands,2.5,1049.820303
NZL,New Zealand,4.5,665.7863286
NOR,Norway,2.8,1659.962496
POL,Poland,5,7570.931655
PRT,Portugal,8.1,22867.18112
SVK,Slovak Republic,8.8,29675.53589
ESP,Spain,15.8,4917.263766
SWE,Sweden,4.4,5039.775609
TUR,Türkiye,13,6099.957102
GBR,United Kingdom,3.3,106885.8785
USA,United States,4.2,3013.502707
CHL,Chile,7,8680.736469
EST,Estonia,5.4,17381.36509
ISR,Israel,4.6,26762.03504
LVA,Latvia,6.3,2879.546564
SVN,Slovenia,5.9,6411.551666
OECD,OECD - Total,5.1,372.1354561
AUS,Australia,2.7,42315.60371
AUT,Austria,1.3,12783.18084
BEL,Belgium,2,82153.07454
CAN,Canada,2.9,58093.99606
CZE,Czechia,1.6,13788.24002
DNK,Denmark,2,8094.390167
FIN,Finland,2.2,1999.195372
FRA,France,2.1,1426.065481
DEU,Germany,1.8,456.0279506
GRC,Greece,1.8,2107.503024
HUN,Hungary,1.2,5936.261022
ISL,Iceland,2.1,1357.266229
IRL,Ireland,1.3,3312.696745
ITA,Italy,2.5,11899.81398
JPN,Japan,1.4,9805.586748
KOR,Korea,2.9,8055.925868
LUX,Luxembourg,1.7,18944.09628
MEX,Mexico,3.2,78858.28026
NLD,Netherlands,2.6,24605.34961
NZL,New Zealand,2.5,18575.23203
NOR,Norway,2.2,42136.12079
POL,Poland,2.6,2545.738799
PRT,Portugal,1.5,8223.04145
SVK,Slovak Republic,3,54663.99837
ESP,Spain,1.8,7191.069703
SWE,Sweden,2,3967.200647
CHE,Switzerland,2.3,6592.555408
TUR,Türkiye,1.5,3278.241801
GBR,United Kingdom,3.1,9856.581539
USA,United States,3.1,7075.874655
BRA,Brazil,2.2,22411.24208
CHL,Chile,1.3,6079.088736
EST,Estonia,2.7,3331.612461
ISR,Israel,2.5,35162.22836
LVA,Latvia,2.2,
SVN,Slovenia,2.5,26537.15949
OECD,OECD - Total,2.1,18295.34293
AUT,Austria,0.8,705.6175085
BEL,Belgium,0.7,31174.03387
CAN,Canada,0.2,1742.893121
CZE,Czechia,0.5,43814.02651
DNK,Denmark,0.5,5368.433492
FIN,Finland,0.4,37062.53357
FRA,France,0.5,56833.91654
DEU,Germany,0.1,3022.653627
GRC,Greece,0.4,6722.198223
HUN,Hungary,3.5,40985.23514
ISL,Iceland,0,4062.126978
IRL,Ireland,0.2,1900.397674
ITA,Italy,0.6,
JPN,Japan,6.4,720.4732552
KOR,Korea,2.5,640.6762653
LUX,Luxembourg,0.1,642.6663901
MEX,Mexico,25.9,8035.307666
NLD,Netherlands,0.1,17923.96681
NOR,Norway,0,8849.513535
POL,Poland,2.3,48181.74535
PRT,Portugal,0.9,4173.281349
SVK,Slovak Republic,1.5,35052.80791
ESP,Spain,0.3,5905.380196
SWE,Sweden,0,40428.17938
CHE,Switzerland,0,43734.19807
TUR,Türkiye,4.9,2295.53627
GBR,United Kingdom,0.5,981.8316422
USA,United States,0.1,12579.9227
BRA,Brazil,6.7,1313.186095
CHL,Chile,9.4,13104.69955
EST,Estonia,5.7,5523.361421
LVA,Latvia,11.2,4463.080644
RUS,Russia,13.8,1362.461982
SVN,Slovenia,0.2,1820.08119
ZAF,South Africa,35.9,3558.818852
OECD,OECD - Total,3,1133.380809
AUS,Australia,19.4,82041.62105
AUT,Austria,20.8,1714.279537
BEL,Belgium,20,
CAN,Canada,22.9,62784.06569
CZE,Czechia,23.4,5497.243233
DNK,Denmark,23.3,4305.202702
FIN,Finland,23.1,61987.92636
FRA,France,20.7,37690.47395
DEU,Germany,20,30960.73151
GRC,Greece,21.8,5022.700192
HUN,Hungary,19.9,4003.404746
IRL,Ireland,20.6,39375.47316
ITA,Italy,22.5,7714.841844
JPN,Japan,21.8,1562.076619
KOR,Korea,14.7,1120.667058
LUX,Luxembourg,20.7,1281.105971
MEX,Mexico,17.8,1506.231003
NLD,Netherlands,19.6,21079.52097
NZL,New Zealand,25,29280.44032
NOR,Norway,17.7,27026.68766
POL,Poland,21.2,7972.032188
PRT,Portugal,19.6,2309.049076
SVK,Slovak Republic,27.4,8172.299476
ESP,Spain,21.7,722.1312268
SWE,Sweden,20.1,7945.00605
CHE,Switzerland,21.4,10574.38658
TUR,Türkiye,18.9,8421.148077
GBR,United Kingdom,23.2,1024.22019
USA,United States,18.3,747.3186241
CHL,Chile,18.4,165845.9952
EST,Estonia,17,4107.829775
LVA,Latvia,20.8,2037.725326
RUS,Russia,17.4,4320.050193
SVN,Slovenia,18.2,994.2397641
ZAF,South Africa,18.1,8182.344735
OECD,OECD - Total,20.5,15008.31324
AUS,Australia,67,106899.2935
AUT,Austria,86,14331.75159
BEL,Belgium,56,71919.05492
CAN,Canada,78,
CZE,Czechia,77,3132.952148
DNK,Denmark,85,174412.4945
FIN,Finland,88,2847.635069
FRA,France,74,464.6161584
DEU,Germany,76,9708.141348
GRC,Greece,69,7158.049769
HUN,Hungary,74,9152.737223
ISL,Iceland,85,4153.117176
IRL,Ireland,76,4698.955699
ITA,Italy,73,5149.586764
JPN,Japan,77,750.0518091
KOR,Korea,82,25623.94163
LUX,Luxembourg,87,1218.217034
MEX,Mexico,42,3832.820485
NLD,Netherlands,83,7033.439624
NZL,New Zealand,66,3690.756778
NOR,Norway,93,24054.91561
POL,Poland,71,435.760991
PRT,Portugal,83,1579.200717
SVK,Slovak Republic,76,9965.725311
ESP,Spain,80,454.4432661
SWE,Sweden,79,9555.669593
CHE,Switzerland,86,56312.43488
TUR,Türkiye,59,4614.892075
GBR,United Kingdom,78,32286.9105
USA,United States,78,497.0361208
BRA,Brazil,45,2144.780344
CHL,Chile,41,2079.451027
EST,Estonia,79,46039.10593
ISR,Israel,80,70867.361
LVA,Latvia,72,880.2248936
RUS,Russia,64,8528.630151
SVN,Slovenia,91,40058.19616
ZAF,South Africa,40,36115.19307
OECD,OECD - Total,74,17082.2062
AUS,Australia,81,12088.90977
AUT,Austria,89,1468.822082
BEL,Belgium,66,14382.23238
CAN,Canada,88,6163.860425
CZE,Czechia,88,3038.152037
DNK,Denmark,94,16743.37674
FIN,Finland,96,2332.675888
FRA,France,78,12378.81176
DEU,Germany,83,1388.67826
GRC,Greece,79,30627.1634
HUN,Hungary,83,
ISL,Iceland,93,19991.97249
IRL,Ireland,86,5759.042198
ITA,Italy,79,3527.613824
JPN,Japan,85,3866.86186
KOR,Korea,87,41363.38587
LUX,Luxembourg,89,18726.63947
MEX,Mexico,54,58467.23557
NLD,Netherlands,95,9404.381259
NZL,New Zealand,80,8704.894531
NOR,Norway,98,728.8696189
POL,Poland,80,1675.438752
PRT,Portugal,92,19930.40754
SVK,Slovak Republic,86,2614.294434
ESP,Spain,86,1290.749971
SWE,Sweden,90,56895.65831
CHE,Switzerland,91,2196.283891
TUR,Türkiye,72,515.4478396
GBR,United Kingdom,80,3870.312982
USA,United States,88,43398.42853
BRA,Brazil,55,517.0975815
CHL,Chile,53,5765.203352
EST,Estonia,90,1525.689056
ISR,Israel,83,
LVA,Latvia,87,1526.957693
RUS,Russia,74,11169.73931
SVN,Slovenia,95,1428.257908
ZAF,South Africa,46,5705.399487
OECD,OECD - Total,82,16563.4405
AUS,Australia,54,21678.35947
AUT,Austria,82,51965.15715
BEL,Belgium,47,3339.990401
CAN,Canada,67,35703.09995
CZE,Czechia,67,15409.80463
DNK,Denmark,77,664.3416724
FIN,Finland,80,26995.03216
FRA,France,70,691.9800774
DEU,Germany,69,6666.248262
GRC,Greece,59,7670.482889
HUN,Hungary,65,792.4405509
ISL,Iceland,78,5854.463908
IRL,Ireland,67,801.39384
ITA,Italy,67,6163.253406
JPN,Japan,69,8258.066184
KOR,Korea,77,1349.546777
LUX,Luxembourg,84,3836.321689
MEX,Mexico,32,3978.437686
NLD,Netherlands,72,1675.438752
NZL,New Zealand,53,1526.957693
NOR,Norway,89,16139.10526
POL,Poland,63,3796.1096
PRT,Portugal,75,10970.04589
SVK,Slovak Republic,67,3836.073003
ESP,Spain,75,942.8890381
SWE,Sweden,68,753.6844055
CHE,Switzerland,81,2187.727539
TUR,Türkiye,45,7607.596731
GBR,United Kingdom,77,16837.94038
USA,United States,69,57866.74493
BRA,Brazil,34,2704.677189
CHL,Chile,30,7684.79284
EST,Estonia,71,
ISR,Israel,77,
LVA,Latvia,61,35324.97489
RUS,Russia,55,2760.717101
SVN,Slovenia,85,2757.203306
ZAF,South Africa,35,10215.58544
OECD,OECD - Total,66,4105.810905
AUT,Austria,1.6,3759.472855
BEL,Belgium,2.1,1069.816997
CAN,Canada,2.6,5735.066787
CZE,Czechia,1.5,1249.923143
DNK,Denmark,1.9,1421.787791
FIN,Finland,1.9,
FRA,France,1.8,
DEU,Germany,1.8,
GRC,Greece,1.2,
HUN,Hungary,1.4,
ISL,Iceland,1.6,
IRL,Ireland,2.1,
ITA,Italy,1.4,
JPN,Japan,1.9,
KOR,Korea,1.5,
LUX,Luxembourg,2,
MEX,Mexico,1.1,
NLD,Netherlands,2,
NZL,New Zealand,2.4,
NOR,Norway,2.1,
POL,Poland,1.1,
PRT,Portugal,1.7,
SVK,Slovak Republic,1.1,
ESP,Spain,1.9,
SWE,Sweden,1.7,
CHE,Switzerland,1.9,
TUR,Türkiye,1,
GBR,United Kingdom,2,
USA,United States,2.4,
CHL,Chile,1.9,
EST,Estonia,1.7,
ISR,Israel,1.2,
LVA,Latvia,1.2,
RUS,Russia,1,
SVN,Slovenia,1.6,
OECD,OECD - Total,1.7,
AUS,Australia,37433,
AUT,Austria,37001,
BEL,Belgium,34884,
CAN,Canada,34421,
CZE,Czechia,26664,
DNK,Denmark,33774,
FIN,Finland,33471,
FRA,France,34375,
DEU,Germany,38971,
GRC,Greece,20791,
HUN,Hungary,21026,
IRL,Ireland,29488,
ITA,Italy,29431,
JPN,Japan,28872,
KOR,Korea,24590,
LUX,Luxembourg,44773,
MEX,Mexico,16269,
NLD,Netherlands,34984,
NZL,New Zealand,39024,
NOR,Norway,39144,
POL,Poland,23675,
PRT,Portugal,24877,
SVK,Slovak Republic,21149,
ESP,Spain,27155,
SWE,Sweden,33730,
CHE,Switzerland,39697,
GBR,United Kingdom,33049,
USA,United States,51147,
EST,Estonia,23784,
LVA,Latvia,19783,
RUS,Russia,19546,
SVN,Slovenia,25250,
ZAF,South Africa,9338,
OECD,OECD - Total,30490,
AUS,Australia,528768,
AUT,Austria,309637,
BEL,Belgium,447607,
CAN,Canada,478240,
DNK,Denmark,149864,
FIN,Finland,230032,
FRA,France,298639,
DEU,Germany,304317,
GRC,Greece,148323,
HUN,Hungary,150296,
IRL,Ireland,370341,
ITA,Italy,295020,
JPN,Japan,294735,
KOR,Korea,362340,
LUX,Luxembourg,941162,
NLD,Netherlands,248599,
NZL,New Zealand,514162,
NOR,Norway,268358,
POL,Poland,233221,
PRT,Portugal,255303,
SVK,Slovak Republic,171425,
ESP,Spain,366534,
GBR,United Kingdom,524422,
USA,United States,684500,
CHL,Chile,135787,
EST,Estonia,188627,
LVA,Latvia,79245,
SVN,Slovenia,233286,
OECD,OECD - Total,323960,
AUS,Australia,73,
AUT,Austria,72,
BEL,Belgium,65,
CAN,Canada,70,
CZE,Czechia,74,
DNK,Denmark,74,
FIN,Finland,72,
FRA,France,65,
DEU,Germany,77,
GRC,Greece,56,
HUN,Hungary,70,
ISL,Iceland,78,
IRL,Ireland,68,
ITA,Italy,58,
JPN,Japan,77,
KOR,Korea,66,
LUX,Luxembourg,67,
MEX,Mexico,59,
NLD,Netherlands,78,
NZL,New Zealand,77,
NOR,Norway,75,
POL,Poland,69,
PRT,Portugal,69,
SVK,Slovak Republic,68,
ESP,Spain,62,
SWE,Sweden,75,
CHE,Switzerland,80,
TUR,Türkiye,48,
GBR,United Kingdom,75,
USA,United States,67,
BRA,Brazil,57,
CHL,Chile,56,
EST,Estonia,74,
ISR,Israel,67,
LVA,Latvia,72,
RUS,Russia,70,
SVN,Slovenia,71,
ZAF,South Africa,39,
OECD,OECD - Total,66,
AUS,Australia,77,
AUT,Austria,76,
BEL,Belgium,68,
CAN,Canada,73,
CZE,Czechia,81,
DNK,Denmark,77,
FIN,Finland,74,
FRA,France,68,
DEU,Germany,80,
GRC,Greece,65,
HUN,Hungary,77,
ISL,Iceland,80,
IRL,Ireland,73,
ITA,Italy,67,
JPN,Japan,84,
KOR,Korea,75,
LUX,Luxembourg,70,
MEX,Mexico,76,
NLD,Netherlands,82,
NZL,New Zealand,81,
NOR,Norway,77,
POL,Poland,76,
PRT,Portugal,72,
SVK,Slovak Republic,73,
ESP,Spain,67,
SWE,Sweden,77,
CHE,Switzerland,84,
TUR,Türkiye,65,
GBR,United Kingdom,79,
USA,United States,72,
BRA,Brazil,67,
CHL,Chile,65,
EST,Estonia,76,
ISR,Israel,69,
LVA,Latvia,73,
RUS,Russia,75,
SVN,Slovenia,74,
ZAF,South Africa,44,
OECD,OECD - Total,74,
AUS,Australia,69,
AUT,Austria,68,
BEL,Belgium,61,
CAN,Canada,67,
CZE,Czechia,67,
DNK,Denmark,71,
FIN,Finland,71,
FRA,France,62,
DEU,Germany,73,
GRC,Greece,47,
HUN,Hungary,62,
ISL,Iceland,75,
IRL,Ireland,63,
ITA,Italy,49,
JPN,Japan,71,
KOR,Korea,57,
LUX,Luxembourg,64,
MEX,Mexico,45,
NLD,Netherlands,74,
NZL,New Zealand,72,
NOR,Norway,73,
POL,Poland,61,
PRT,Portugal,67,
SVK,Slovak Republic,62,
ESP,Spain,57,
SWE,Sweden,74,
CHE,Switzerland,76,
TUR,Türkiye,30,
GBR,United Kingdom,72,
USA,United States,62,
BRA,Brazil,47,
CHL,Chile,47,
EST,Estonia,72,
ISR,Israel,65,
LVA,Latvia,70,
RUS,Russia,65,
SVN,Slovenia,68,
ZAF,South Africa,33,
OECD,OECD - Total,59,
AUS,Australia,1,
AUT,Austria,1.3,
BEL,Belgium,2.3,
CAN,Canada,0.5,
CZE,Czechia,0.6,
DNK,Denmark,0.9,
FIN,Finland,1.2,
FRA,France,2.9,
DEU,Germany,1.2,
GRC,Greece,10.8,
HUN,Hungary,1.2,
ISL,Iceland,0.7,
IRL,Ireland,1.2,
ITA,Italy,4.8,
JPN,Japan,0.8,
KOR,Korea,0,
LUX,Luxembourg,1.7,
MEX,Mexico,0.1,
NLD,Netherlands,0.9,
NZL,New Zealand,0.4,
NOR,Norway,0.9,
POL,Poland,0.6,
PRT,Portugal,2.3,
SVK,Slovak Republic,3,
ESP,Spain,5,
SWE,Sweden,1,
CHE,Switzerland,1.7,
TUR,Türkiye,3.3,
GBR,United Kingdom,0.9,
USA,United States,0.5,
EST,Estonia,1.2,
ISR,Israel,0.2,
LVA,Latvia,2.2,
RUS,Russia,1.1,
SVN,Slovenia,1.9,
ZAF,South Africa,17.9,
OECD,OECD - Total,1.3,
AUS,Australia,1,
AUT,Austria,1.5,
BEL,Belgium,2.5,
CAN,Canada,0.6,
CZE,Czechia,0.5,
DNK,Denmark,0.7,
FIN,Finland,1.3,
FRA,France,3,
DEU,Germany,1.4,
GRC,Greece,8.8,
HUN,Hungary,1.2,
ISL,Iceland,0.8,
IRL,Ireland,1.3,
ITA,Italy,4.4,
JPN,Japan,1,
KOR,Korea,0,
LUX,Luxembourg,1.6,
MEX,Mexico,0.1,
NLD,Netherlands,0.9,
NZL,New Zealand,0.4,
NOR,Norway,1,
POL,Poland,0.6,
PRT,Portugal,2.2,
SVK,Slovak Republic,3,
ESP,Spain,4.1,
SWE,Sweden,1,
CHE,Switzerland,1.6,
TUR,Türkiye,2.5,
GBR,United Kingdom,1.1,
USA,United States,0.5,
EST,Estonia,1.3,
ISR,Israel,0.2,
LVA,Latvia,2.7,
RUS,Russia,1.1,
SVN,Slovenia,1.5,
ZAF,South Africa,15.7,
OECD,OECD - Total,1.3,
AUS,Australia,1.1,
AUT,Austria,1.2,
BEL,Belgium,2.1,
CAN,Canada,0.4,
CZE,Czechia,0.6,
DNK,Denmark,1.2,
FIN,Finland,1.1,
FRA,France,2.9,
DEU,Germany,1,
GRC,Greece,13.4,
HUN,Hungary,1.1,
ISL,Iceland,0.5,
IRL,Ireland,1,
ITA,Italy,5.3,
JPN,Japan,0.5,
KOR,Korea,0,
LUX,Luxembourg,1.9,
MEX,Mexico,0.1,
NLD,Netherlands,1,
NZL,New Zealand,0.4,
NOR,Norway,0.8,
POL,Poland,0.7,
PRT,Portugal,2.4,
SVK,Slovak Republic,3,
ESP,Spain,6.1,
SWE,Sweden,1,
CHE,Switzerland,1.8,
TUR,Türkiye,4.9,
GBR,United Kingdom,0.7,
USA,United States,0.4,
EST,Estonia,1,
ISR,Israel,0.2,
LVA,Latvia,1.7,
RUS,Russia,1.1,
SVN,Slovenia,2.4,
ZAF,South Africa,20.8,
OECD,OECD - Total,1.4,
AUS,Australia,55206,
AUT,Austria,53132,
BEL,Belgium,54327,
CAN,Canada,55342,
CZE,Czechia,29885,
DNK,Denmark,58430,
FIN,Finland,46230,
FRA,France,45581,
DEU,Germany,53745,
GRC,Greece,27207,
HUN,Hungary,25409,
ISL,Iceland,67488,
IRL,Ireland,49474,
ITA,Italy,37769,
JPN,Japan,38515,
KOR,Korea,41960,
LUX,Luxembourg,65854,
MEX,Mexico,16230,
NLD,Netherlands,58828,
NZL,New Zealand,45269,
NOR,Norway,55780,
POL,Poland,32527,
PRT,Portugal,28410,
SVK,Slovak Republic,23619,
ESP,Spain,37922,
SWE,Sweden,47020,
CHE,Switzerland,64824,
GBR,United Kingdom,47147,
USA,United States,69392,
CHL,Chile,26729,
EST,Estonia,30720,
ISR,Israel,39322,
LVA,Latvia,29876,
SVN,Slovenia,41445,
OECD,OECD - Total,49165,
AUS,Australia,93,
AUT,Austria,92,
BEL,Belgium,90,
CAN,Canada,93,
CZE,Czechia,96,
DNK,Denmark,95,
FIN,Finland,96,
FRA,France,94,
DEU,Germany,90,
GRC,Greece,78,
HUN,Hungary,94,
ISL,Iceland,98,
IRL,Ireland,96,
ITA,Italy,89,
JPN,Japan,89,
KOR,Korea,80,
LUX,Luxembourg,91,
MEX,Mexico,77,
NLD,Netherlands,94,
NZL,New Zealand,95,
NOR,Norway,96,
POL,Poland,94,
PRT,Portugal,87,
SVK,Slovak Republic,95,
ESP,Spain,93,
SWE,Sweden,94,
CHE,Switzerland,94,
TUR,Türkiye,85,
GBR,United Kingdom,93,
USA,United States,94,
BRA,Brazil,83,
CHL,Chile,88,
EST,Estonia,95,
ISR,Israel,95,
LVA,Latvia,92,
RUS,Russia,89,
SVN,Slovenia,95,
ZAF,South Africa,89,
OECD,OECD - Total,91,
AUS,Australia,93,
AUT,Austria,92,
BEL,Belgium,92,
CAN,Canada,93,
CZE,Czechia,95,
DNK,Denmark,93,
FIN,Finland,94,
FRA,France,92,
DEU,Germany,91,
GRC,Greece,77,
HUN,Hungary,92,
ISL,Iceland,99,
IRL,Ireland,96,
ITA,Italy,92,
JPN,Japan,84,
KOR,Korea,74,
LUX,Luxembourg,91,
MEX,Mexico,77,
NLD,Netherlands,96,
NZL,New Zealand,95,
NOR,Norway,96,
POL,Poland,93,
PRT,Portugal,88,
SVK,Slovak Republic,94,
ESP,Spain,93,
SWE,Sweden,94,
CHE,Switzerland,93,
TUR,Türkiye,82,
GBR,United Kingdom,89,
USA,United States,93,
BRA,Brazil,86,
CHL,Chile,88,
EST,Estonia,93,
ISR,Israel,95,
LVA,Latvia,89,
RUS,Russia,88,
SVN,Slovenia,95,
ZAF,South Africa,89,
OECD,OECD - Total,90,
AUS,Australia,94,
AUT,Austria,93,
BEL,Belgium,87,
CAN,Canada,93,
CZE,Czechia,97,
DNK,Denmark,97,
FIN,Finland,98,
FRA,France,96,
DEU,Germany,89,
GRC,Greece,79,
HUN,Hungary,96,
ISL,Iceland,98,
IRL,Ireland,96,
ITA,Italy,86,
JPN,Japan,93,
KOR,Korea,86,
LUX,Luxembourg,91,
MEX,Mexico,76,
NLD,Netherlands,92,
NZL,New Zealand,95,
NOR,Norway,96,
POL,Poland,95,
PRT,Portugal,86,
SVK,Slovak Republic,95,
ESP,Spain,94,
SWE,Sweden,93,
CHE,Switzerland,95,
TUR,Türkiye,88,
GBR,United Kingdom,96,
USA,United States,94,
BRA,Brazil,80,
CHL,Chile,88,
EST,Estonia,97,
ISR,Israel,96,
LVA,Latvia,94,
RUS,Russia,89,
SVN,Slovenia,95,
ZAF,South Africa,89,
OECD,OECD - Total,92,
AUS,Australia,96,
AUT,Austria,96,
BEL,Belgium,94,
CAN,Canada,94,
CZE,Czechia,99,
DNK,Denmark,95,
FIN,Finland,100,
FRA,France,97,
DEU,Germany,91,
GRC,Greece,86,
HUN,Hungary,95,
ISL,Iceland,99,
IRL,Ireland,96,
ITA,Italy,90,
JPN,Japan,90,
KOR,Korea,86,
LUX,Luxembourg,92,
MEX,Mexico,86,
NLD,Netherlands,97,
NZL,New Zealand,93,
NOR,Norway,98,
POL,Poland,98,
PRT,Portugal,95,
SVK,Slovak Republic,97,
ESP,Spain,97,
SWE,Sweden,96,
CHE,Switzerland,95,
TUR,Türkiye,93,
GBR,United Kingdom,93,
USA,United States,96,
BRA,Brazil,90,
CHL,Chile,94,
EST,Estonia,96,
ISR,Israel,96,
LVA,Latvia,97,
RUS,Russia,93,
ZAF,South Africa,94,
OECD,OECD - Total,94,
AUS,Australia,93,
AUT,Austria,92,
BEL,Belgium,88,
CAN,Canada,93,
CZE,Czechia,96,
DNK,Denmark,95,
FIN,Finland,97,
FRA,France,95,
DEU,Germany,90,
GRC,Greece,77,
HUN,Hungary,96,
IRL,Ireland,97,
ITA,Italy,91,
JPN,Japan,90,
KOR,Korea,78,
LUX,Luxembourg,91,
MEX,Mexico,81,
NLD,Netherlands,93,
NZL,New Zealand,96,
NOR,Norway,94,
POL,Poland,93,
PRT,Portugal,92,
SVK,Slovak Republic,95,
ESP,Spain,93,
SWE,Sweden,93,
CHE,Switzerland,94,
TUR,Türkiye,84,
GBR,United Kingdom,93,
USA,United States,93,
BRA,Brazil,86,
CHL,Chile,88,
EST,Estonia,93,
ISR,Israel,95,
LVA,Latvia,91,
RUS,Russia,89,
SVN,Slovenia,95,
ZAF,South Africa,90,
OECD,OECD - Total,91,
AUS,Australia,84,
AUT,Austria,86,
BEL,Belgium,80,
CAN,Canada,92,
CZE,Czechia,94,
DNK,Denmark,82,
FIN,Finland,91,
FRA,France,81,
DEU,Germany,86,
GRC,Greece,76,
HUN,Hungary,86,
ISL,Iceland,76,
IRL,Ireland,85,
ITA,Italy,63,
KOR,Korea,89,
LUX,Luxembourg,74,
MEX,Mexico,42,
NLD,Netherlands,81,
NZL,New Zealand,81,
NOR,Norway,82,
POL,Poland,93,
PRT,Portugal,55,
SVK,Slovak Republic,92,
ESP,Spain,63,
SWE,Sweden,84,
CHE,Switzerland,89,
TUR,Türkiye,42,
GBR,United Kingdom,82,
USA,United States,92,
BRA,Brazil,57,
CHL,Chile,67,
EST,Estonia,91,
ISR,Israel,88,
LVA,Latvia,89,
RUS,Russia,95,
SVN,Slovenia,90,
ZAF,South Africa,48,
OECD,OECD - Total,79,
AUS,Australia,84,
AUT,Austria,88,
BEL,Belgium,78,
CAN,Canada,91,
CZE,Czechia,95,
DNK,Denmark,80,
FIN,Finland,89,
FRA,France,81,
DEU,Germany,87,
GRC,Greece,75,
HUN,Hungary,87,
ISL,Iceland,74,
IRL,Ireland,83,
ITA,Italy,61,
KOR,Korea,92,
LUX,Luxembourg,74,
MEX,Mexico,42,
NLD,Netherlands,81,
NZL,New Zealand,80,
NOR,Norway,82,
POL,Poland,93,
PRT,Portugal,52,
SVK,Slovak Republic,93,
ESP,Spain,60,
SWE,Sweden,83,
CHE,Switzerland,90,
TUR,Türkiye,45,
GBR,United Kingdom,81,
USA,United States,91,
BRA,Brazil,53,
CHL,Chile,67,
EST,Estonia,87,
ISR,Israel,87,
LVA,Latvia,86,
RUS,Russia,94,
SVN,Slovenia,91,
ZAF,South Africa,48,
OECD,OECD - Total,78,
AUS,Australia,84,
AUT,Austria,83,
BEL,Belgium,81,
CAN,Canada,94,
CZE,Czechia,93,
DNK,Denmark,83,
FIN,Finland,94,
FRA,France,82,
DEU,Germany,86,
GRC,Greece,78,
HUN,Hungary,84,
ISL,Iceland,78,
IRL,Ireland,88,
ITA,Italy,65,
KOR,Korea,87,
LUX,Luxembourg,74,
MEX,Mexico,41,
NLD,Netherlands,81,
NZL,New Zealand,82,
NOR,Norway,83,
POL,Poland,94,
PRT,Portugal,59,
SVK,Slovak Republic,92,
ESP,Spain,66,
SWE,Sweden,85,
CHE,Switzerland,88,
TUR,Türkiye,38,
GBR,United Kingdom,83,
USA,United States,92,
BRA,Brazil,60,
CHL,Chile,68,
EST,Estonia,94,
ISR,Israel,89,
LVA,Latvia,93,
RUS,Russia,96,
SVN,Slovenia,89,
ZAF,South Africa,48,
OECD,OECD - Total,80,
AUS,Australia,499,
AUT,Austria,491,
BEL,Belgium,500,
CAN,Canada,517,
CZE,Czechia,495,
DNK,Denmark,501,
FIN,Finland,516,
FRA,France,494,
DEU,Germany,500,
GRC,Greece,453,
HUN,Hungary,479,
ISL,Iceland,481,
IRL,Ireland,505,
ITA,Italy,477,
JPN,Japan,520,
KOR,Korea,520,
LUX,Luxembourg,477,
MEX,Mexico,416,
NLD,Netherlands,502,
NZL,New Zealand,503,
NOR,Norway,497,
POL,Poland,513,
PRT,Portugal,492,
SVK,Slovak Republic,469,
SWE,Sweden,503,
CHE,Switzerland,498,
TUR,Türkiye,462,
GBR,United Kingdom,503,
USA,United States,495,
BRA,Brazil,400,
CHL,Chile,438,
EST,Estonia,526,
ISR,Israel,465,
LVA,Latvia,487,
RUS,Russia,481,
SVN,Slovenia,504,
OECD,OECD - Total,488,
AUS,Australia,495,
AUT,Austria,489,
BEL,Belgium,499,
CAN,Canada,512,
CZE,Czechia,490,
DNK,Denmark,496,
FIN,Finland,503,
FRA,France,490,
DEU,Germany,497,
GRC,Greece,445,
HUN,Hungary,477,
ISL,Iceland,472,
IRL,Ireland,501,
ITA,Italy,476,
JPN,Japan,519,
KOR,Korea,517,
LUX,Luxembourg,472,
MEX,Mexico,418,
NLD,Netherlands,497,
NZL,New Zealand,500,
NOR,Norway,486,
POL,Poland,508,
PRT,Portugal,490,
SVK,Slovak Republic,463,
SWE,Sweden,495,
CHE,Switzerland,494,
TUR,Türkiye,458,
GBR,United Kingdom,503,
USA,United States,493,
BRA,Brazil,397,
CHL,Chile,436,
EST,Estonia,521,
ISR,Israel,452,
LVA,Latvia,482,
RUS,Russia,478,
SVN,Slovenia,495,
OECD,OECD - Total,485,
AUS,Australia,503,
AUT,Austria,493,
BEL,Belgium,501,
CAN,Canada,521,
CZE,Czechia,501,
DNK,Denmark,506,
FIN,Finland,530,
FRA,France,497,
DEU,Germany,504,
GRC,Greece,462,
HUN,Hungary,481,
ISL,Iceland,491,
IRL,Ireland,508,
ITA,Italy,478,
JPN,Japan,521,
KOR,Korea,522,
LUX,Luxembourg,481,
MEX,Mexico,415,
NLD,Netherlands,508,
NZL,New Zealand,506,
NOR,Norway,508,
POL,Poland,518,
PRT,Portugal,494,
SVK,Slovak Republic,475,
SWE,Sweden,510,
CHE,Switzerland,502,
TUR,Türkiye,467,
GBR,United Kingdom,504,
USA,United States,498,
BRA,Brazil,403,
CHL,Chile,439,
EST,Estonia,530,
ISR,Israel,477,
LVA,Latvia,493,
RUS,Russia,485,
SVN,Slovenia,512,
OECD,OECD - Total,491,
AUS,Australia,549,
AUT,Austria,533,
BEL,Belgium,550,
CAN,Canada,553,
CZE,Czechia,544,
DNK,Denmark,540,
FIN,Finland,562,
FRA,France,550,
DEU,Germany,564,
GRC,Greece,502,
HUN,Hungary,534,
ISL,Iceland,510,
IRL,Ireland,557,
ITA,Italy,511,
JPN,Japan,537,
KOR,Korea,552,
LUX,Luxembourg,537,
MEX,Mexico,464,
NLD,Netherlands,536,
NZL,New Zealand,558,
NOR,Norway,532,
POL,Poland,560,
PRT,Portugal,543,
SVK,Slovak Republic,511,
SWE,Sweden,549,
CHE,Switzerland,539,
TUR,Türkiye,513,
GBR,United Kingdom,550,
USA,United States,558,
BRA,Brazil,470,
CHL,Chile,502,
EST,Estonia,558,
ISR,Israel,529,
LVA,Latvia,512,
RUS,Russia,510,
SVN,Slovenia,541,
OECD,OECD - Total,534,
AUS,Australia,460,
AUT,Austria,440,
BEL,Belgium,440,
CAN,Canada,485,
CZE,Czechia,439,
DNK,Denmark,462,
FIN,Finland,483,
FRA,France,443,
DEU,Germany,450,
GRC,Greece,417,
HUN,Hungary,420,
ISL,Iceland,437,
IRL,Ireland,482,
ITA,Italy,436,
JPN,Japan,465,
KOR,Korea,477,
LUX,Luxembourg,415,
MEX,Mexico,382,
NLD,Netherlands,448,
NZL,New Zealand,462,
NOR,Norway,459,
POL,Poland,469,
PRT,Portugal,448,
SVK,Slovak Republic,404,
SWE,Sweden,460,
CHE,Switzerland,435,
TUR,Türkiye,437,
GBR,United Kingdom,471,
USA,United States,460,
BRA,Brazil,373,
CHL,Chile,415,
EST,Estonia,497,
ISR,Israel,407,
LVA,Latvia,447,
RUS,Russia,443,
SVN,Slovenia,462,
OECD,OECD - Total,445,
AUS,Australia,20,
AUT,Austria,17,
BEL,Belgium,19,
CAN,Canada,17,
CZE,Czechia,18,
DNK,Denmark,19,
FIN,Finland,20,
FRA,France,17,
DEU,Germany,18,
GRC,Greece,19,
HUN,Hungary,16,
ISL,Iceland,19,
IRL,Ireland,18,
ITA,Italy,17,
JPN,Japan,16,
KOR,Korea,17,
LUX,Luxembourg,15,
MEX,Mexico,15,
NLD,Netherlands,19,
NZL,New Zealand,18,
NOR,Norway,18,
POL,Poland,18,
PRT,Portugal,17,
SVK,Slovak Republic,16,
ESP,Spain,18,
SWE,Sweden,20,
CHE,Switzerland,17,
TUR,Türkiye,19,
GBR,United Kingdom,17,
USA,United States,17,
BRA,Brazil,16,
CHL,Chile,17,
EST,Estonia,18,
ISR,Israel,16,
LVA,Latvia,18,
RUS,Russia,16,
SVN,Slovenia,18,
OECD,OECD - Total,18,
AUS,Australia,20,
AUT,Austria,17,
BEL,Belgium,19,
CAN,Canada,17,
CZE,Czechia,17,
DNK,Denmark,19,
FIN,Finland,19,
FRA,France,16,
DEU,Germany,18,
GRC,Greece,19,
HUN,Hungary,16,
ISL,Iceland,18,
IRL,Ireland,18,
ITA,Italy,16,
JPN,Japan,16,
KOR,Korea,18,
LUX,Luxembourg,15,
MEX,Mexico,15,
NLD,Netherlands,19,
NZL,New Zealand,17,
NOR,Norway,18,
POL,Poland,17,
PRT,Portugal,17,
SVK,Slovak Republic,15,
ESP,Spain,18,
SWE,Sweden,19,
CHE,Switzerland,18,
TUR,Türkiye,19,
GBR,United Kingdom,16,
USA,United States,17,
BRA,Brazil,16,
CHL,Chile,17,
EST,Estonia,17,
ISR,Israel,15,
LVA,Latvia,18,
RUS,Russia,16,
SVN,Slovenia,18,
OECD,OECD - Total,17,
AUS,Australia,21,
AUT,Austria,17,
BEL,Belgium,20,
CAN,Canada,17,
CZE,Czechia,18,
DNK,Denmark,20,
FIN,Finland,20,
FRA,France,17,
DEU,Germany,18,
GRC,Greece,19,
HUN,Hungary,17,
ISL,Iceland,20,
IRL,Ireland,18,
ITA,Italy,17,
JPN,Japan,16,
KOR,Korea,17,
LUX,Luxembourg,15,
MEX,Mexico,16,
NLD,Netherlands,19,
NZL,New Zealand,18,
NOR,Norway,19,
POL,Poland,18,
PRT,Portugal,17,
SVK,Slovak Republic,16,
ESP,Spain,18,
SWE,Sweden,20,
CHE,Switzerland,17,
TUR,Türkiye,18,
GBR,United Kingdom,17,
USA,United States,18,
BRA,Brazil,16,
CHL,Chile,18,
EST,Estonia,18,
ISR,Israel,16,
LVA,Latvia,19,
RUS,Russia,17,
SVN,Slovenia,19,
OECD,OECD - Total,18,
AUS,Australia,6.7,
AUT,Austria,12.2,
BEL,Belgium,12.8,
CAN,Canada,7.1,
CZE,Czechia,17,
DNK,Denmark,10,
FIN,Finland,5.5,
FRA,France,11.4,
DEU,Germany,12,
GRC,Greece,14.5,
HUN,Hungary,16.7,
ISL,Iceland,6.4,
IRL,Ireland,7.8,
ITA,Italy,15.9,
JPN,Japan,13.7,
KOR,Korea,27.3,
LUX,Luxembourg,10,
MEX,Mexico,20.3,
NLD,Netherlands,12.2,
NZL,New Zealand,6,
NOR,Norway,6.7,
POL,Poland,22.8,
PRT,Portugal,8.3,
SVK,Slovak Republic,18.5,
ESP,Spain,10,
SWE,Sweden,5.8,
CHE,Switzerland,10.1,
TUR,Türkiye,27.1,
GBR,United Kingdom,10.1,
USA,United States,7.7,
BRA,Brazil,11.7,
CHL,Chile,23.4,
EST,Estonia,5.9,
ISR,Israel,19.7,
LVA,Latvia,12.7,
RUS,Russia,11.8,
SVN,Slovenia,17,
ZAF,South Africa,28.5,
OECD,OECD - Total,14,
AUS,Australia,92,
AUT,Austria,92,
BEL,Belgium,79,
CAN,Canada,90,
CZE,Czechia,89,
DNK,Denmark,93,
FIN,Finland,97,
FRA,France,78,
DEU,Germany,91,
GRC,Greece,67,
HUN,Hungary,81,
ISL,Iceland,97,
IRL,Ireland,80,
ITA,Italy,77,
JPN,Japan,87,
KOR,Korea,82,
LUX,Luxembourg,85,
MEX,Mexico,75,
NLD,Netherlands,91,
NZL,New Zealand,85,
NOR,Norway,98,
POL,Poland,82,
PRT,Portugal,89,
SVK,Slovak Republic,81,
ESP,Spain,76,
SWE,Sweden,97,
CHE,Switzerland,96,
TUR,Türkiye,62,
GBR,United Kingdom,82,
USA,United States,88,
BRA,Brazil,70,
CHL,Chile,62,
EST,Estonia,86,
ISR,Israel,77,
LVA,Latvia,83,
RUS,Russia,62,
SVN,Slovenia,93,
ZAF,South Africa,72,
OECD,OECD - Total,84,
AUS,Australia,93,
AUT,Austria,91,
BEL,Belgium,81,
CAN,Canada,94,
CZE,Czechia,93,
DNK,Denmark,93,
FIN,Finland,96,
FRA,France,78,
DEU,Germany,90,
GRC,Greece,69,
HUN,Hungary,83,
ISL,Iceland,98,
IRL,Ireland,79,
ITA,Italy,73,
JPN,Japan,89,
KOR,Korea,80,
LUX,Luxembourg,85,
MEX,Mexico,78,
NLD,Netherlands,95,
NZL,New Zealand,85,
NOR,Norway,98,
POL,Poland,83,
PRT,Portugal,91,
SVK,Slovak Republic,83,
ESP,Spain,75,
SWE,Sweden,98,
CHE,Switzerland,96,
TUR,Türkiye,64,
GBR,United Kingdom,80,
USA,United States,90,
BRA,Brazil,70,
CHL,Chile,64,
EST,Estonia,86,
ISR,Israel,74,
LVA,Latvia,84,
RUS,Russia,64,
SVN,Slovenia,95,
ZAF,South Africa,71,
OECD,OECD - Total,85,
AUS,Australia,91,
AUT,Austria,92,
BEL,Belgium,77,
CAN,Canada,87,
CZE,Czechia,86,
DNK,Denmark,92,
FIN,Finland,97,
FRA,France,79,
DEU,Germany,92,
GRC,Greece,66,
HUN,Hungary,79,
ISL,Iceland,96,
IRL,Ireland,81,
ITA,Italy,82,
JPN,Japan,85,
KOR,Korea,84,
LUX,Luxembourg,85,
MEX,Mexico,72,
NLD,Netherlands,88,
NZL,New Zealand,84,
NOR,Norway,98,
POL,Poland,82,
PRT,Portugal,88,
SVK,Slovak Republic,80,
ESP,Spain,77,
SWE,Sweden,97,
CHE,Switzerland,95,
TUR,Türkiye,60,
GBR,United Kingdom,84,
USA,United States,86,
BRA,Brazil,71,
CHL,Chile,60,
EST,Estonia,86,
ISR,Israel,79,
LVA,Latvia,83,
RUS,Russia,59,
SVN,Slovenia,90,
ZAF,South Africa,73,
OECD,OECD - Total,84,
AUS,Australia,92,
AUT,Austria,76,
BEL,Belgium,88,
CAN,Canada,68,
CZE,Czechia,62,
DNK,Denmark,85,
FIN,Finland,69,
FRA,France,75,
DEU,Germany,76,
GRC,Greece,58,
HUN,Hungary,70,
ISL,Iceland,81,
IRL,Ireland,63,
ITA,Italy,73,
JPN,Japan,53,
KOR,Korea,77,
LUX,Luxembourg,90,
MEX,Mexico,63,
NLD,Netherlands,79,
NZL,New Zealand,82,
NOR,Norway,78,
POL,Poland,68,
PRT,Portugal,49,
SVK,Slovak Republic,66,
ESP,Spain,72,
SWE,Sweden,87,
CHE,Switzerland,45,
TUR,Türkiye,86,
GBR,United Kingdom,68,
USA,United States,65,
BRA,Brazil,80,
CHL,Chile,47,
EST,Estonia,64,
ISR,Israel,67,
LVA,Latvia,55,
RUS,Russia,68,
SVN,Slovenia,53,
ZAF,South Africa,66,
OECD,OECD - Total,69,
AUS,Australia,83,
AUT,Austria,82,
BEL,Belgium,82.1,
CAN,Canada,82.1,
CZE,Czechia,79.3,
DNK,Denmark,81.5,
FIN,Finland,82.1,
FRA,France,82.9,
DEU,Germany,81.4,
GRC,Greece,81.7,
HUN,Hungary,76.4,
ISL,Iceland,83.2,
IRL,Ireland,82.8,
ITA,Italy,83.6,
JPN,Japan,84.4,
KOR,Korea,83.3,
LUX,Luxembourg,82.7,
MEX,Mexico,75.1,
NLD,Netherlands,82.2,
NZL,New Zealand,82.1,
NOR,Norway,83,
POL,Poland,78,
PRT,Portugal,81.8,
SVK,Slovak Republic,77.8,
ESP,Spain,83.9,
SWE,Sweden,83.2,
CHE,Switzerland,84,
TUR,Türkiye,78.6,
GBR,United Kingdom,81.3,
USA,United States,78.9,
BRA,Brazil,75.9,
CHL,Chile,80.6,
EST,Estonia,78.8,
ISR,Israel,82.9,
LVA,Latvia,75.5,
RUS,Russia,73.2,
SVN,Slovenia,81.6,
ZAF,South Africa,64.2,
OECD,OECD - Total,81,
AUS,Australia,80.9,
AUT,Austria,79.7,
BEL,Belgium,79.8,
CAN,Canada,80,
CZE,Czechia,76.4,
DNK,Denmark,79.5,
FIN,Finland,79.3,
FRA,France,79.9,
DEU,Germany,79,
GRC,Greece,79.2,
HUN,Hungary,73.1,
ISL,Iceland,81.7,
IRL,Ireland,80.8,
ITA,Italy,81.4,
JPN,Japan,81.4,
KOR,Korea,80.3,
LUX,Luxembourg,80.2,
MEX,Mexico,72.2,
NLD,Netherlands,80.6,
NZL,New Zealand,80.3,
NOR,Norway,81.3,
POL,Poland,74.1,
PRT,Portugal,78.7,
SVK,Slovak Republic,74.3,
ESP,Spain,81.1,
SWE,Sweden,81.5,
CHE,Switzerland,82.1,
TUR,Türkiye,75.9,
GBR,United Kingdom,79.4,
USA,United States,76.3,
BRA,Brazil,72.2,
CHL,Chile,77.9,
EST,Estonia,74.5,
ISR,Israel,81,
LVA,Latvia,70.9,
RUS,Russia,68.2,
SVN,Slovenia,78.7,
ZAF,South Africa,60.7,
OECD,OECD - Total,78.3,
AUS,Australia,85,
AUT,Austria,84.2,
BEL,Belgium,84.3,
CAN,Canada,84.2,
CZE,Czechia,82.2,
DNK,Denmark,83.5,
FIN,Finland,84.8,
FRA,France,85.9,
DEU,Germany,83.7,
GRC,Greece,84.2,
HUN,Hungary,79.7,
ISL,Iceland,84.7,
IRL,Ireland,84.7,
ITA,Italy,85.7,
JPN,Japan,87.5,
KOR,Korea,86.3,
LUX,Luxembourg,85.2,
MEX,Mexico,78,
NLD,Netherlands,83.7,
NZL,New Zealand,83.9,
NOR,Norway,84.7,
POL,Poland,81.9,
PRT,Portugal,84.8,
SVK,Slovak Republic,81.2,
ESP,Spain,86.7,
SWE,Sweden,84.8,
CHE,Switzerland,85.8,
TUR,Türkiye,81.3,
GBR,United Kingdom,83.1,
USA,United States,81.4,
BRA,Brazil,79.6,
CHL,Chile,83.4,
EST,Estonia,83,
ISR,Israel,84.8,
LVA,Latvia,80.1,
RUS,Russia,78.2,
SVN,Slovenia,84.5,
ZAF,South Africa,67.7,
OECD,OECD - Total,83.6,
AUS,Australia,85,
AUT,Austria,71,
BEL,Belgium,74,
CAN,Canada,89,
CZE,Czechia,62,
DNK,Denmark,70,
FIN,Finland,68,
FRA,France,67,
DEU,Germany,66,
GRC,Greece,79,
HUN,Hungary,58,
ISL,Iceland,77,
IRL,Ireland,84,
ITA,Italy,73,
JPN,Japan,37,
KOR,Korea,34,
LUX,Luxembourg,72,
MEX,Mexico,66,
NLD,Netherlands,75,
NZL,New Zealand,86,
NOR,Norway,75,
POL,Poland,60,
PRT,Portugal,50,
SVK,Slovak Republic,65,
ESP,Spain,75,
SWE,Sweden,76,
CHE,Switzerland,81,
TUR,Türkiye,67,
GBR,United Kingdom,73,
USA,United States,88,
CHL,Chile,60,
EST,Estonia,57,
ISR,Israel,74,
LVA,Latvia,47,
RUS,Russia,43,
SVN,Slovenia,67,
OECD,OECD - Total,68,
AUS,Australia,85,
AUT,Austria,72,
BEL,Belgium,76,
CAN,Canada,90,
CZE,Czechia,64,
DNK,Denmark,72,
FIN,Finland,69,
FRA,France,69,
DEU,Germany,66,
GRC,Greece,81,
HUN,Hungary,62,
ISL,Iceland,81,
IRL,Ireland,84,
ITA,Italy,76,
JPN,Japan,38,
KOR,Korea,38,
LUX,Luxembourg,73,
MEX,Mexico,67,
NLD,Netherlands,77,
NZL,New Zealand,87,
NOR,Norway,76,
POL,Poland,63,
PRT,Portugal,55,
SVK,Slovak Republic,69,
ESP,Spain,78,
SWE,Sweden,79,
CHE,Switzerland,83,
TUR,Türkiye,72,
GBR,United Kingdom,74,
USA,United States,88,
CHL,Chile,64,
EST,Estonia,59,
ISR,Israel,75,
LVA,Latvia,53,
RUS,Russia,49,
SVN,Slovenia,70,
OECD,OECD - Total,71,
AUS,Australia,86,
AUT,Austria,71,
BEL,Belgium,72,
CAN,Canada,88,
CZE,Czechia,61,
DNK,Denmark,67,
FIN,Finland,68,
FRA,France,65,
DEU,Germany,65,
GRC,Greece,77,
HUN,Hungary,55,
ISL,Iceland,72,
IRL,Ireland,84,
ITA,Italy,70,
JPN,Japan,35,
KOR,Korea,30,
LUX,Luxembourg,70,
MEX,Mexico,64,
NLD,Netherlands,73,
NZL,New Zealand,85,
NOR,Norway,73,
POL,Poland,57,
PRT,Portugal,45,
SVK,Slovak Republic,61,
ESP,Spain,73,
SWE,Sweden,73,
CHE,Switzerland,79,
TUR,Türkiye,62,
GBR,United Kingdom,72,
USA,United States,87,
CHL,Chile,56,
EST,Estonia,54,
ISR,Israel,72,
LVA,Latvia,43,
RUS,Russia,38,
SVN,Slovenia,64,
OECD,OECD - Total,66,
AUS,Australia,93,
AUT,Austria,83,
BEL,Belgium,87,
CAN,Canada,93,
CZE,Czechia,84,
DNK,Denmark,82,
FIN,Finland,82,
FRA,France,72,
DEU,Germany,80,
GRC,Greece,87,
HUN,Hungary,72,
ISL,Iceland,86,
IRL,Ireland,93,
ITA,Italy,80,
JPN,Japan,42,
KOR,Korea,40,
LUX,Luxembourg,76,
NLD,Netherlands,86,
NZL,New Zealand,92,
NOR,Norway,83,
POL,Poland,74,
PRT,Portugal,63,
SVK,Slovak Republic,78,
ESP,Spain,84,
SWE,Sweden,87,
CHE,Switzerland,89,
TUR,Türkiye,74,
GBR,United Kingdom,84,
USA,United States,95,
CHL,Chile,72,
EST,Estonia,78,
ISR,Israel,89,
LVA,Latvia,69,
SVN,Slovenia,79,
OECD,OECD - Total,79,
AUS,Australia,84,
AUT,Austria,61,
BEL,Belgium,57,
CAN,Canada,81,
CZE,Czechia,40,
DNK,Denmark,62,
FIN,Finland,54,
FRA,France,58,
DEU,Germany,49,
GRC,Greece,78,
HUN,Hungary,47,
ISL,Iceland,66,
IRL,Ireland,72,
ITA,Italy,71,
JPN,Japan,29,
KOR,Korea,26,
LUX,Luxembourg,65,
NLD,Netherlands,60,
NZL,New Zealand,82,
NOR,Norway,67,
POL,Poland,49,
PRT,Portugal,38,
SVK,Slovak Republic,57,
ESP,Spain,71,
SWE,Sweden,65,
CHE,Switzerland,71,
TUR,Türkiye,64,
GBR,United Kingdom,62,
USA,United States,71,
CHL,Chile,52,
EST,Estonia,33,
ISR,Israel,79,
LVA,Latvia,25,
SVN,Slovenia,49,
OECD,OECD - Total,58,
AUS,Australia,7.1,
AUT,Austria,7.2,
BEL,Belgium,6.8,
CAN,Canada,7,
CZE,Czechia,6.9,
DNK,Denmark,7.5,
FIN,Finland,7.9,
FRA,France,6.7,
DEU,Germany,7.3,
GRC,Greece,5.8,
HUN,Hungary,6,
ISL,Iceland,7.6,
IRL,Ireland,7,
ITA,Italy,6.5,
JPN,Japan,6.1,
KOR,Korea,5.8,
LUX,Luxembourg,7.4,
MEX,Mexico,6,
NLD,Netherlands,7.5,
NZL,New Zealand,7.3,
NOR,Norway,7.3,
POL,Poland,6.1,
PRT,Portugal,5.8,
SVK,Slovak Republic,6.5,
ESP,Spain,6.5,
SWE,Sweden,7.3,
CHE,Switzerland,7.5,
TUR,Türkiye,4.9,
GBR,United Kingdom,6.8,
USA,United States,7,
BRA,Brazil,6.1,
CHL,Chile,6.2,
EST,Estonia,6.5,
ISR,Israel,7.2,
LVA,Latvia,6.2,
RUS,Russia,5.5,
SVN,Slovenia,6.5,
ZAF,South Africa,4.9,
OECD,OECD - Total,6.7,
AUS,Australia,7.1,
AUT,Austria,7.1,
BEL,Belgium,6.9,
CAN,Canada,7,
CZE,Czechia,6.9,
DNK,Denmark,7.4,
FIN,Finland,7.7,
FRA,France,6.8,
DEU,Germany,7.4,
GRC,Greece,6,
HUN,Hungary,6.3,
ISL,Iceland,7.4,
IRL,Ireland,6.9,
ITA,Italy,6.4,
JPN,Japan,5.9,
KOR,Korea,5.4,
LUX,Luxembourg,7.4,
MEX,Mexico,6.3,
NLD,Netherlands,7.6,
NZL,New Zealand,7.1,
NOR,Norway,7.3,
POL,Poland,6.3,
PRT,Portugal,6,
SVK,Slovak Republic,6.5,
ESP,Spain,6.4,
SWE,Sweden,7.3,
CHE,Switzerland,7.5,
TUR,Türkiye,4.3,
GBR,United Kingdom,6.7,
USA,United States,7,
BRA,Brazil,6.2,
CHL,Chile,6.2,
EST,Estonia,6.3,
ISR,Israel,7.2,
LVA,Latvia,6.3,
RUS,Russia,5.3,
SVN,Slovenia,6.5,
ZAF,South Africa,4.9,
OECD,OECD - Total,6.7,
AUS,Australia,7.2,
AUT,Austria,7.3,
BEL,Belgium,6.8,
CAN,Canada,7,
CZE,Czechia,6.9,
DNK,Denmark,7.6,
FIN,Finland,8.1,
FRA,France,6.7,
DEU,Germany,7.3,
GRC,Greece,5.6,
HUN,Hungary,5.8,
ISL,Iceland,7.7,
IRL,Ireland,7.2,
ITA,Italy,6.5,
JPN,Japan,6.3,
KOR,Korea,6.2,
LUX,Luxembourg,7.4,
MEX,Mexico,5.6,
NLD,Netherlands,7.4,
NZL,New Zealand,7.4,
NOR,Norway,7.3,
POL,Poland,6,
PRT,Portugal,5.6,
SVK,Slovak Republic,6.6,
ESP,Spain,6.6,
SWE,Sweden,7.3,
CHE,Switzerland,7.5,
TUR,Türkiye,5.4,
GBR,United Kingdom,6.9,
USA,United States,7.1,
BRA,Brazil,6,
CHL,Chile,6.1,
EST,Estonia,6.6,
ISR,Israel,7.2,
LVA,Latvia,6.2,
RUS,Russia,5.6,
SVN,Slovenia,6.4,
ZAF,South Africa,5,
OECD,OECD - Total,6.7,
AUS,Australia,7.4,
AUT,Austria,7.6,
BEL,Belgium,7.2,
CAN,Canada,7.3,
CZE,Czechia,7.6,
DNK,Denmark,7.6,
FIN,Finland,8.5,
FRA,France,7,
DEU,Germany,7.8,
GRC,Greece,6.5,
HUN,Hungary,6.9,
ISL,Iceland,7.8,
IRL,Ireland,7.3,
ITA,Italy,7.1,
JPN,Japan,6.5,
KOR,Korea,6.3,
LUX,Luxembourg,7.8,
MEX,Mexico,7,
NLD,Netherlands,7.8,
NZL,New Zealand,7.3,
NOR,Norway,7.4,
POL,Poland,6.6,
PRT,Portugal,6.7,
SVK,Slovak Republic,6.9,
ESP,Spain,7.1,
SWE,Sweden,7.6,
CHE,Switzerland,7.6,
TUR,Türkiye,5.8,
GBR,United Kingdom,7.2,
USA,United States,7.5,
BRA,Brazil,6.9,
CHL,Chile,6.9,
EST,Estonia,7,
ISR,Israel,7.5,
LVA,Latvia,6.6,
RUS,Russia,5.9,
ZAF,South Africa,5.6,
OECD,OECD - Total,7.2,
AUS,Australia,7,
AUT,Austria,7.2,
BEL,Belgium,6.7,
CAN,Canada,6.9,
CZE,Czechia,6.9,
DNK,Denmark,7.5,
FIN,Finland,7.9,
FRA,France,6.7,
DEU,Germany,7.2,
GRC,Greece,5.7,
HUN,Hungary,6,
IRL,Ireland,7,
ITA,Italy,6.7,
JPN,Japan,6.1,
KOR,Korea,5.5,
LUX,Luxembourg,7.3,
MEX,Mexico,6.2,
NLD,Netherlands,7.4,
NZL,New Zealand,7.2,
NOR,Norway,7.2,
POL,Poland,6,
PRT,Portugal,6,
SVK,Slovak Republic,6.4,
ESP,Spain,6.7,
SWE,Sweden,7.2,
CHE,Switzerland,7.4,
TUR,Türkiye,4.8,
GBR,United Kingdom,6.7,
USA,United States,6.9,
BRA,Brazil,6.4,
CHL,Chile,6.1,
EST,Estonia,6.1,
ISR,Israel,7.2,
LVA,Latvia,6,
RUS,Russia,5.3,
SVN,Slovenia,6.5,
ZAF,South Africa,4.9,
OECD,OECD - Total,6.6,
AUS,Australia,0.9,
AUT,Austria,0.5,
BEL,Belgium,1.1,
CAN,Canada,1.2,
CZE,Czechia,0.7,
DNK,Denmark,0.5,
FIN,Finland,1.2,
FRA,France,0.4,
DEU,Germany,0.4,
GRC,Greece,1,
HUN,Hungary,0.9,
ISL,Iceland,0.3,
IRL,Ireland,0.5,
ITA,Italy,0.5,
JPN,Japan,0.2,
KOR,Korea,0.8,
LUX,Luxembourg,0.2,
MEX,Mexico,26.8,
NLD,Netherlands,0.6,
NZL,New Zealand,1.3,
NOR,Norway,0.6,
POL,Poland,0.5,
PRT,Portugal,0.7,
SVK,Slovak Republic,0.8,
ESP,Spain,0.7,
SWE,Sweden,1.1,
CHE,Switzerland,0.3,
TUR,Türkiye,1,
GBR,United Kingdom,0.2,
USA,United States,6,
BRA,Brazil,19,
CHL,Chile,2.4,
EST,Estonia,1.9,
ISR,Israel,1.5,
LVA,Latvia,3.7,
RUS,Russia,4.8,
SVN,Slovenia,0.4,
ZAF,South Africa,13.7,
OECD,OECD - Total,2.6,
AUS,Australia,1.3,
AUT,Austria,0.5,
BEL,Belgium,1.4,
CAN,Canada,1.8,
CZE,Czechia,0.8,
DNK,Denmark,0.7,
FIN,Finland,1.8,
FRA,France,0.6,
DEU,Germany,0.4,
GRC,Greece,1.6,
HUN,Hungary,1.1,
ISL,Iceland,0.5,
IRL,Ireland,0.8,
ITA,Italy,0.7,
JPN,Japan,0.2,
KOR,Korea,0.9,
LUX,Luxembourg,0.3,
MEX,Mexico,50.5,
NLD,Netherlands,0.8,
NZL,New Zealand,1.6,
NOR,Norway,0.7,
POL,Poland,0.8,
PRT,Portugal,1,
SVK,Slovak Republic,1,
ESP,Spain,0.9,
SWE,Sweden,1.5,
CHE,Switzerland,0.4,
TUR,Türkiye,1.5,
GBR,United Kingdom,0.2,
USA,United States,9.5,
BRA,Brazil,35.5,
CHL,Chile,4.2,
EST,Estonia,3.1,
ISR,Israel,2.4,
LVA,Latvia,5.8,
RUS,Russia,7.7,
SVN,Slovenia,0.5,
ZAF,South Africa,24.7,
OECD,OECD - Total,4.4,
AUS,Australia,0.6,
AUT,Austria,0.5,
BEL,Belgium,0.8,
CAN,Canada,0.7,
CZE,Czechia,0.6,
DNK,Denmark,0.4,
FIN,Finland,0.7,
FRA,France,0.3,
DEU,Germany,0.3,
GRC,Greece,0.4,
HUN,Hungary,0.7,
ISL,Iceland,1.2,
IRL,Ireland,0.1,
ITA,Italy,0.3,
JPN,Japan,0.2,
KOR,Korea,0.7,
LUX,Luxembourg,0.2,
MEX,Mexico,5.5,
NLD,Netherlands,0.4,
NZL,New Zealand,1,
NOR,Norway,0.5,
POL,Poland,0.3,
PRT,Portugal,0.4,
SVK,Slovak Republic,0.6,
ESP,Spain,0.5,
SWE,Sweden,0.5,
CHE,Switzerland,0.3,
TUR,Türkiye,0.5,
GBR,United Kingdom,0.1,
USA,United States,2.5,
BRA,Brazil,3.3,
CHL,Chile,0.7,
EST,Estonia,0.6,
ISR,Israel,0.7,
LVA,Latvia,1.9,
RUS,Russia,2.2,
SVN,Slovenia,0.3,
ZAF,South Africa,3.6,
OECD,OECD - Total,0.9,
AUS,Australia,12.5,
AUT,Austria,5.3,
BEL,Belgium,4.3,
CAN,Canada,3.3,
CZE,Czechia,4.5,
DNK,Denmark,1.1,
FIN,Finland,3.6,
FRA,France,7.7,
DEU,Germany,3.9,
GRC,Greece,4.5,
HUN,Hungary,1.5,
ISL,Iceland,11.7,
IRL,Ireland,4.7,
ITA,Italy,3.3,
LUX,Luxembourg,2.8,
MEX,Mexico,27,
NLD,Netherlands,0.3,
NZL,New Zealand,14,
NOR,Norway,1.4,
POL,Poland,4.2,
PRT,Portugal,5.6,
SVK,Slovak Republic,4.2,
ESP,Spain,2.5,
SWE,Sweden,0.9,
CHE,Switzerland,0.4,
TUR,Türkiye,25,
GBR,United Kingdom,10.8,
USA,United States,10.4,
BRA,Brazil,5.6,
CHL,Chile,7.7,
EST,Estonia,2.2,
ISR,Israel,14.1,
LVA,Latvia,1.6,
RUS,Russia,0.1,
SVN,Slovenia,5.6,
ZAF,South Africa,15.4,
OECD,OECD - Total,10.2,
AUS,Australia,18.5,
AUT,Austria,8.1,
BEL,Belgium,5.8,
CAN,Canada,5.3,
CZE,Czechia,6.7,
DNK,Denmark,2.1,
FIN,Finland,5.2,
FRA,France,10.2,
DEU,Germany,5.7,
GRC,Greece,6.1,
HUN,Hungary,2,
ISL,Iceland,17.9,
IRL,Ireland,7.8,
ITA,Italy,4.3,
LUX,Luxembourg,3.4,
MEX,Mexico,33,
NLD,Netherlands,0.6,
NZL,New Zealand,19.3,
NOR,Norway,2.1,
POL,Poland,6.7,
PRT,Portugal,8.1,
SVK,Slovak Republic,6.1,
ESP,Spain,3.5,
SWE,Sweden,1.3,
CHE,Switzerland,0.4,
TUR,Türkiye,27.2,
GBR,United Kingdom,15.3,
USA,United States,13.9,
BRA,Brazil,7.3,
CHL,Chile,9.6,
EST,Estonia,3,
ISR,Israel,21.5,
LVA,Latvia,2.4,
RUS,Russia,0.2,
SVN,Slovenia,7.9,
ZAF,South Africa,19.7,
OECD,OECD - Total,13.8,
AUS,Australia,6.1,
AUT,Austria,2.4,
BEL,Belgium,2.6,
CAN,Canada,1.2,
CZE,Czechia,2,
DNK,Denmark,0.1,
FIN,Finland,2.1,
FRA,France,5.2,
DEU,Germany,1.8,
GRC,Greece,2.5,
HUN,Hungary,0.9,
ISL,Iceland,5,
IRL,Ireland,1.7,
ITA,Italy,2.2,
LUX,Luxembourg,2,
MEX,Mexico,17.4,
NLD,Netherlands,0.1,
NZL,New Zealand,8.6,
NOR,Norway,0.6,
POL,Poland,1.3,
PRT,Portugal,3.3,
SVK,Slovak Republic,2,
ESP,Spain,1.4,
SWE,Sweden,0.5,
CHE,Switzerland,0.3,
TUR,Türkiye,20.1,
GBR,United Kingdom,6.3,
USA,United States,6.6,
BRA,Brazil,3.6,
CHL,Chile,5,
EST,Estonia,1.4,
ISR,Israel,6.8,
LVA,Latvia,1,
RUS,Russia,0.1,
SVN,Slovenia,2.9,
ZAF,South Africa,10.4,
OECD,OECD - Total,6,
AUS,Australia,14.36,
AUT,Austria,14.51,
BEL,Belgium,15.52,
CAN,Canada,14.57,
FIN,Finland,15.17,
FRA,France,16.2,
DEU,Germany,15.62,
GRC,Greece,15.03,
HUN,Hungary,15.08,
IRL,Ireland,14.54,
ITA,Italy,16.47,
JPN,Japan,14.1,
KOR,Korea,14.83,
NLD,Netherlands,15.45,
NZL,New Zealand,14.87,
NOR,Norway,15.67,
POL,Poland,14.68,
ESP,Spain,15.75,
TUR,Türkiye,14.61,
GBR,United Kingdom,14.94,
USA,United States,14.57,
EST,Estonia,14.98,
OECD,OECD - Total,15.07,
AUS,Australia,14.8,
AUT,Austria,14.7,
BEL,Belgium,15.6,
CAN,Canada,14.6,
FIN,Finland,15.3,
FRA,France,16.4,
DEU,Germany,15.7,
GRC,Greece,15.4,
HUN,Hungary,15.5,
IRL,Ireland,14.6,
ITA,Italy,16.9,
JPN,Japan,14.2,
KOR,Korea,15.1,
NLD,Netherlands,15.4,
NZL,New Zealand,14.6,
NOR,Norway,15,
POL,Poland,14.9,
ESP,Spain,16.1,
TUR,Türkiye,14.8,
GBR,United Kingdom,15,
USA,United States,14.8,
EST,Estonia,15.4,
OECD,OECD - Total,15.2,
AUS,Australia,13.65,
AUT,Austria,14.31,
BEL,Belgium,15.33,
CAN,Canada,14.47,
FIN,Finland,15.05,
FRA,France,15.92,
DEU,Germany,15.57,
GRC,Greece,14.78,
HUN,Hungary,14.55,
IRL,Ireland,14.41,
ITA,Italy,15.52,
JPN,Japan,14,
KOR,Korea,14.47,
NLD,Netherlands,15.67,
NZL,New Zealand,14.53,
NOR,Norway,16.39,
POL,Poland,14.33,
ESP,Spain,15.26,
TUR,Türkiye,14.07,
GBR,United Kingdom,14.88,
USA,United States,14.29,
EST,Estonia,14.55,
OECD,OECD - Total,14.84,
COL,Colombia,1.4,
LTU,Lithuania,2.4,
COL,Colombia,12.3,
LTU,Lithuania,11.8,
LTU,Lithuania,18.4,
COL,Colombia,50,
LTU,Lithuania,62,
COL,Colombia,54,
LTU,Lithuania,69,
COL,Colombia,45,
LTU,Lithuania,56,
COL,Colombia,1,
LTU,Lithuania,1.5,
LTU,Lithuania,26976,
LTU,Lithuania,182039,
COL,Colombia,58,
LTU,Lithuania,72,
COL,Colombia,71,
LTU,Lithuania,72,
COL,Colombia,45,
LTU,Lithuania,71,
COL,Colombia,1.1,
LTU,Lithuania,2.5,
COL,Colombia,0.7,
LTU,Lithuania,2.5,
COL,Colombia,1.6,
LTU,Lithuania,2.4,
LTU,Lithuania,31811,
COL,Colombia,80,
LTU,Lithuania,89,
COL,Colombia,76,
LTU,Lithuania,89,
COL,Colombia,83,
LTU,Lithuania,88,
COL,Colombia,92,
LTU,Lithuania,96,
COL,Colombia,80,
LTU,Lithuania,88,
COL,Colombia,59,
LTU,Lithuania,94,
COL,Colombia,56,
LTU,Lithuania,91,
COL,Colombia,61,
LTU,Lithuania,96,
COL,Colombia,406,
LTU,Lithuania,480,
COL,Colombia,409,
LTU,Lithuania,472,
COL,Colombia,402,
LTU,Lithuania,488,
COL,Colombia,459,
LTU,Lithuania,522,
COL,Colombia,373,
LTU,Lithuania,432,
COL,Colombia,14,
LTU,Lithuania,18,
COL,Colombia,14,
LTU,Lithuania,18,
COL,Colombia,14,
LTU,Lithuania,19,
COL,Colombia,22.6,
LTU,Lithuania,10.5,
COL,Colombia,82,
LTU,Lithuania,83,
COL,Colombia,80,
LTU,Lithuania,85,
COL,Colombia,83,
LTU,Lithuania,81,
COL,Colombia,53,
LTU,Lithuania,57,
COL,Colombia,76.7,
LTU,Lithuania,76.4,
COL,Colombia,73.5,
LTU,Lithuania,71.6,
COL,Colombia,79.9,
LTU,Lithuania,81.2,
COL,Colombia,80,
LTU,Lithuania,46,
COL,Colombia,84,
LTU,Lithuania,52,
COL,Colombia,78,
LTU,Lithuania,42,
COL,Colombia,84,
LTU,Lithuania,67,
COL,Colombia,76,
LTU,Lithuania,26,
COL,Colombia,5.7,
LTU,Lithuania,6.4,
COL,Colombia,5.7,
LTU,Lithuania,6.6,
COL,Colombia,5.7,
LTU,Lithuania,6.2,
COL,Colombia,7.1,
LTU,Lithuania,7.2,
COL,Colombia,5.7,
LTU,Lithuania,6.2,
COL,Colombia,23.1,
LTU,Lithuania,2.5,
COL,Colombia,43,
LTU,Lithuania,4,
COL,Colombia,4.1,
LTU,Lithuania,1,
COL,Colombia,23.7,
LTU,Lithuania,1,
COL,Colombia,28.2,
LTU,Lithuania,1.1,
COL,Colombia,17.1,
LTU,Lithuania,0.8,
CRI,Costa Rica,1.8,
CRI,Costa Rica,2.3,
CRI,Costa Rica,17,
CRI,Costa Rica,47,
CRI,Costa Rica,59,
CRI,Costa Rica,36,
CRI,Costa Rica,1.2,
CRI,Costa Rica,16517,
CRI,Costa Rica,55,
CRI,Costa Rica,68,
CRI,Costa Rica,41,
CRI,Costa Rica,1.5,
CRI,Costa Rica,0.8,
CRI,Costa Rica,2.6,
CRI,Costa Rica,82,
CRI,Costa Rica,80,
CRI,Costa Rica,85,
CRI,Costa Rica,90,
CRI,Costa Rica,85,
CRI,Costa Rica,43,
CRI,Costa Rica,41,
CRI,Costa Rica,44,
CRI,Costa Rica,415,
CRI,Costa Rica,417,
CRI,Costa Rica,413,
CRI,Costa Rica,476,
CRI,Costa Rica,392,
CRI,Costa Rica,17.5,
CRI,Costa Rica,87,
CRI,Costa Rica,90,
CRI,Costa Rica,85,
CRI,Costa Rica,66,
CRI,Costa Rica,80.5,
CRI,Costa Rica,77.9,
CRI,Costa Rica,83,
CRI,Costa Rica,73,
CRI,Costa Rica,77,
CRI,Costa Rica,70,
CRI,Costa Rica,6.3,
CRI,Costa Rica,6.2,
CRI,Costa Rica,6.5,
CRI,Costa Rica,7.1,
CRI,Costa Rica,6.5,
CRI,Costa Rica,10,
CRI,Costa Rica,18.2,
CRI,Costa Rica,1.8,
CRI,Costa Rica,22,
CRI,Costa Rica,27.9,
CRI,Costa Rica,12.7,
